{
  "dataset": "uci",
  "best_model": "xgboost",
  "results": {
    "logistic_regression": {
      "best_params": {
        "classifier__C": 0.1,
        "classifier__solver": "lbfgs"
      },
      "best_cv_roc_auc": 0.9068576388888889,
      "cv_scores": [
        0.9114583333333333,
        0.8914930555555555,
        0.8980034722222222,
        0.9266493055555556,
        0.9066840277777778
      ],
      "test_metrics": {
        "roc_auc": 0.9205555555555555,
        "average_precision": 0.9316332794686704,
        "classification_report": {
          "0": {
            "precision": 0.8181818181818182,
            "recall": 0.9,
            "f1-score": 0.8571428571428571,
            "support": 60.0
          },
          "1": {
            "precision": 0.8888888888888888,
            "recall": 0.8,
            "f1-score": 0.8421052631578947,
            "support": 60.0
          },
          "accuracy": 0.85,
          "macro avg": {
            "precision": 0.8535353535353536,
            "recall": 0.8500000000000001,
            "f1-score": 0.849624060150376,
            "support": 120.0
          },
          "weighted avg": {
            "precision": 0.8535353535353535,
            "recall": 0.85,
            "f1-score": 0.849624060150376,
            "support": 120.0
          }
        },
        "confusion_matrix": [
          [
            54,
            6
          ],
          [
            12,
            48
          ]
        ]
      }
    },
    "random_forest": {
      "best_params": {
        "classifier__max_depth": 8,
        "classifier__min_samples_leaf": 1,
        "classifier__n_estimators": 100
      },
      "best_cv_roc_auc": 0.8888020833333334,
      "cv_scores": [
        0.890625,
        0.8875868055555556,
        0.8832465277777778,
        0.8871527777777778,
        0.8953993055555556
      ],
      "test_metrics": {
        "roc_auc": 0.9205555555555556,
        "average_precision": 0.929983005660642,
        "classification_report": {
          "0": {
            "precision": 0.8166666666666667,
            "recall": 0.8166666666666667,
            "f1-score": 0.8166666666666667,
            "support": 60.0
          },
          "1": {
            "precision": 0.8166666666666667,
            "recall": 0.8166666666666667,
            "f1-score": 0.8166666666666667,
            "support": 60.0
          },
          "accuracy": 0.8166666666666667,
          "macro avg": {
            "precision": 0.8166666666666667,
            "recall": 0.8166666666666667,
            "f1-score": 0.8166666666666667,
            "support": 120.0
          },
          "weighted avg": {
            "precision": 0.8166666666666667,
            "recall": 0.8166666666666667,
            "f1-score": 0.8166666666666667,
            "support": 120.0
          }
        },
        "confusion_matrix": [
          [
            49,
            11
          ],
          [
            11,
            49
          ]
        ]
      }
    },
    "gradient_boosting": {
      "best_params": {
        "classifier__learning_rate": 0.05,
        "classifier__max_depth": 2,
        "classifier__n_estimators": 100
      },
      "best_cv_roc_auc": 0.8825520833333333,
      "cv_scores": [
        0.875217013888889,
        0.8834635416666666,
        0.8884548611111112,
        0.8936631944444444,
        0.8719618055555556
      ],
      "test_metrics": {
        "roc_auc": 0.9244444444444443,
        "average_precision": 0.9327750175261481,
        "classification_report": {
          "0": {
            "precision": 0.8095238095238095,
            "recall": 0.85,
            "f1-score": 0.8292682926829268,
            "support": 60.0
          },
          "1": {
            "precision": 0.8421052631578947,
            "recall": 0.8,
            "f1-score": 0.8205128205128205,
            "support": 60.0
          },
          "accuracy": 0.825,
          "macro avg": {
            "precision": 0.8258145363408521,
            "recall": 0.825,
            "f1-score": 0.8248905565978737,
            "support": 120.0
          },
          "weighted avg": {
            "precision": 0.8258145363408521,
            "recall": 0.825,
            "f1-score": 0.8248905565978736,
            "support": 120.0
          }
        },
        "confusion_matrix": [
          [
            51,
            9
          ],
          [
            12,
            48
          ]
        ]
      }
    },
    "mlp": {
      "best_params": {
        "classifier__alpha": 0.001,
        "classifier__hidden_layer_sizes": [
          32
        ]
      },
      "best_cv_roc_auc": 0.8450520833333334,
      "cv_scores": [
        0.8446180555555556,
        0.7682291666666666,
        0.8428819444444444,
        0.8858506944444444,
        0.8836805555555556
      ],
      "test_metrics": {
        "roc_auc": 0.7763888888888889,
        "average_precision": 0.7601101243299342,
        "classification_report": {
          "0": {
            "precision": 0.7049180327868853,
            "recall": 0.7166666666666667,
            "f1-score": 0.7107438016528925,
            "support": 60.0
          },
          "1": {
            "precision": 0.711864406779661,
            "recall": 0.7,
            "f1-score": 0.7058823529411765,
            "support": 60.0
          },
          "accuracy": 0.7083333333333334,
          "macro avg": {
            "precision": 0.7083912197832731,
            "recall": 0.7083333333333333,
            "f1-score": 0.7083130772970345,
            "support": 120.0
          },
          "weighted avg": {
            "precision": 0.7083912197832731,
            "recall": 0.7083333333333334,
            "f1-score": 0.7083130772970345,
            "support": 120.0
          }
        },
        "confusion_matrix": [
          [
            43,
            17
          ],
          [
            18,
            42
          ]
        ]
      }
    },
    "xgboost": {
      "best_params": {
        "classifier__learning_rate": 0.05,
        "classifier__max_depth": 3,
        "classifier__n_estimators": 100
      },
      "best_cv_roc_auc": 0.8831597222222222,
      "cv_scores": [
        0.8884548611111112,
        0.8741319444444444,
        0.88671875,
        0.8880208333333334,
        0.8784722222222222
      ],
      "test_metrics": {
        "roc_auc": 0.9263888888888888,
        "average_precision": 0.9395326750277199,
        "classification_report": {
          "0": {
            "precision": 0.8333333333333334,
            "recall": 0.8333333333333334,
            "f1-score": 0.8333333333333334,
            "support": 60.0
          },
          "1": {
            "precision": 0.8333333333333334,
            "recall": 0.8333333333333334,
            "f1-score": 0.8333333333333334,
            "support": 60.0
          },
          "accuracy": 0.8333333333333334,
          "macro avg": {
            "precision": 0.8333333333333334,
            "recall": 0.8333333333333334,
            "f1-score": 0.8333333333333334,
            "support": 120.0
          },
          "weighted avg": {
            "precision": 0.8333333333333334,
            "recall": 0.8333333333333334,
            "f1-score": 0.8333333333333334,
            "support": 120.0
          }
        },
        "confusion_matrix": [
          [
            50,
            10
          ],
          [
            10,
            50
          ]
        ]
      }
    },
    "lightgbm": {
      "best_params": {
        "classifier__learning_rate": 0.05,
        "classifier__n_estimators": 100,
        "classifier__num_leaves": 31
      },
      "best_cv_roc_auc": 0.88125,
      "cv_scores": [
        0.8875868055555556,
        0.8736979166666666,
        0.8802083333333333,
        0.8706597222222222,
        0.8940972222222222
      ],
      "test_metrics": {
        "roc_auc": 0.9156944444444445,
        "average_precision": 0.9323129126467667,