{
  "dataset": "framingham",
  "best_model": "mlp",
  "results": {
    "logistic_regression": {
      "best_params": {
        "classifier__C": 0.1,
        "classifier__solver": "lbfgs"
      },
      "best_cv_roc_auc": 0.71328125,
      "cv_scores": [
        0.68359375,
        0.6987847222222222,
        0.7326388888888888,
        0.650173611111111,
        0.8012152777777778
      ],
      "test_metrics": {
        "roc_auc": 0.7363888888888889,
        "average_precision": 0.7027206622206451,
        "classification_report": {
          "0": {
            "precision": 0.6307692307692307,
            "recall": 0.6833333333333333,
            "f1-score": 0.656,
            "support": 60.0
          },
          "1": {
            "precision": 0.6545454545454545,
            "recall": 0.6,
            "f1-score": 0.6260869565217392,
            "support": 60.0
          },
          "accuracy": 0.6416666666666667,
          "macro avg": {
            "precision": 0.6426573426573426,
            "recall": 0.6416666666666666,
            "f1-score": 0.6410434782608696,
            "support": 120.0
          },
          "weighted avg": {
            "precision": 0.6426573426573426,
            "recall": 0.6416666666666667,
            "f1-score": 0.6410434782608696,
            "support": 120.0
          }
        },
        "confusion_matrix": [
          [
            41,
            19
          ],
          [
            24,
            36
          ]
        ]
      }
    },
    "random_forest": {
      "best_params": {
        "classifier__max_depth": 8,
        "classifier__min_samples_leaf": 1,
        "classifier__n_estimators": 100
      },
      "best_cv_roc_auc": 0.6796875,
      "cv_scores": [
        0.7348090277777778,
        0.6653645833333334,
        0.685763888888889,
        0.5690104166666666,
        0.7434895833333334
      ],
      "test_metrics": {
        "roc_auc": 0.72,
        "average_precision": 0.6963185045621996,
        "classification_report": {
          "0": {
            "precision": 0.6481481481481481,
            "recall": 0.5833333333333334,
            "f1-score": 0.6140350877192983,
            "support": 60.0
          },
          "1": {
            "precision": 0.6212121212121212,
            "recall": 0.6833333333333333,
            "f1-score": 0.6507936507936508,
            "support": 60.0
          },
          "accuracy": 0.6333333333333333,
          "macro avg": {
            "precision": 0.6346801346801347,
            "recall": 0.6333333333333333,
            "f1-score": 0.6324143692564745,
            "support": 120.0
          },
          "weighted avg": {
            "precision": 0.6346801346801347,
            "recall": 0.6333333333333333,
            "f1-score": 0.6324143692564747,
            "support": 120.0
          }
        },
        "confusion_matrix": [
          [
            35,
            25
          ],
          [
            19,
            41
          ]
        ]
      }
    },
    "gradient_boosting": {
      "best_params": {
        "classifier__learning_rate": 0.05,
        "classifier__max_depth": 2,
        "classifier__n_estimators": 100
      },
      "best_cv_roc_auc": 0.6767361111111111,
      "cv_scores": [
        0.6844618055555556,
        0.6749131944444444,
        0.6940104166666666,
        0.58203125,
        0.7482638888888888
      ],
      "test_metrics": {
        "roc_auc": 0.7165277777777778,
        "average_precision": 0.695009114814822,
        "classification_report": {
          "0": {
            "precision": 0.6909090909090909,
            "recall": 0.6333333333333333,
            "f1-score": 0.6608695652173913,
            "support": 60.0
          },
          "1": {
            "precision": 0.6615384615384615,
            "recall": 0.7166666666666667,
            "f1-score": 0.688,
            "support": 60.0
          },
          "accuracy": 0.675,
          "macro avg": {
            "precision": 0.6762237762237762,
            "recall": 0.675,
            "f1-score": 0.6744347826086956,
            "support": 120.0
          },
          "weighted avg": {
            "precision": 0.6762237762237763,
            "recall": 0.675,
            "f1-score": 0.6744347826086956,
            "support": 120.0
          }
        },
        "confusion_matrix": [
          [
            38,
            22
          ],
          [
            17,
            43
          ]
        ]
      }
    },
    "mlp": {
      "best_params": {
        "classifier__alpha": 0.0001,
        "classifier__hidden_layer_sizes": [
          32
        ]
      },
      "best_cv_roc_auc": 0.62109375,
      "cv_scores": [
        0.6345486111111112,
        0.661892361111111,
        0.6818576388888888,
        0.5399305555555555,
        0.5872395833333333
      ],
      "test_metrics": {
        "roc_auc": 0.7383333333333333,
        "average_precision": 0.7483049450427689,
        "classification_report": {
          "0": {
            "precision": 0.6323529411764706,
            "recall": 0.7166666666666667,
            "f1-score": 0.671875,
            "support": 60.0
          },
          "1": {
            "precision": 0.6730769230769231,
            "recall": 0.5833333333333334,
            "f1-score": 0.625,
            "support": 60.0
          },
          "accuracy": 0.65,
          "macro avg": {
            "precision": 0.6527149321266968,
            "recall": 0.65,
            "f1-score": 0.6484375,
            "support": 120.0
          },
          "weighted avg": {
            "precision": 0.6527149321266968,
            "recall": 0.65,
            "f1-score": 0.6484375,
            "support": 120.0
          }
        },
        "confusion_matrix": [
          [
            43,
            17
          ],
          [
            25,
            35
          ]
        ]
      }
    },
    "xgboost": {
      "best_params": {
        "classifier__learning_rate": 0.05,
        "classifier__max_depth": 3,
        "classifier__n_estimators": 100
      },
      "best_cv_roc_auc": 0.6670138888888889,
      "cv_scores": [
        0.6705729166666666,
        0.6453993055555556,
        0.6974826388888888,
        0.5685763888888888,
        0.7530381944444444
      ],
      "test_metrics": {
        "roc_auc": 0.7119444444444444,
        "average_precision": 0.675835647104917,
        "classification_report": {
          "0": {
            "precision": 0.6792452830188679,
            "recall": 0.6,
            "f1-score": 0.6371681415929203,
            "support": 60.0
          },
          "1": {
            "precision": 0.6417910447761194,
            "recall": 0.7166666666666667,
            "f1-score": 0.6771653543307087,
            "support": 60.0
          },
          "accuracy": 0.6583333333333333,
          "macro avg": {
            "precision": 0.6605181638974936,
            "recall": 0.6583333333333333,
            "f1-score": 0.6571667479618145,
            "support": 120.0
          },
          "weighted avg": {
            "precision": 0.6605181638974936,
            "recall": 0.6583333333333333,
            "f1-score": 0.6571667479618145,
            "support": 120.0
          }
        },
        "confusion_matrix": [
          [
            36,
            24
          ],
          [
            17,
            43
          ]
        ]
      }
    },
    "lightgbm": {
      "best_params": {
        "classifier__learning_rate": 0.05,
        "classifier__n_estimators": 100,
        "classifier__num_leaves": 15
      },
      "best_cv_roc_auc": 0.6526041666666667,
      "cv_scores": [
        0.640625,
        0.62890625,
        0.6749131944444444,
        0.552951388888889,
        0.765625
      ],
      "test_metrics": {
        "roc_auc": 0.7019444444444444,
        "average_precision": 0.6702670613005353,
        "classification_report": {
          "0": {
            "precision": 0.6491228070175439,